Otimizador,Learning Rate,R² Validação (média),R² Validação (desvio padrão),Perda Validação Final (média),Perda Validação Final (desvio padrão)
SGD,0.01,0.771785999925858,0.03261554664104606,0.04258724177877108,0.006086419649205307
SGD,0.001,-0.9585660348889041,0.14658350821080166,0.3654899497826894,0.027354084949715123
ADAM,0.01,-5.829248204906385,0.6034624396306227,1.2744128306706746,0.11261259790601595
ADAM,0.1,-8.160253223235573,5.985054626826563,1.7094039519627888,1.116876938505525
SGD,0.0001,-16.43476671314227,2.86152146759297,3.253519058227539,0.5339915597501078
ADAM,0.001,-35.347083105692434,8.986437308455784,6.78276522954305,1.676968018582851
ADAM,0.0001,-729.8850880209743,25.816150361695357,136.39119974772134,4.817579351725155
SGD,0.1,-20916518568.90997,29580424236.808712,3903252138.876619,5520032111.71573
